{
  "project_info": {
    "project_number": "335231808806",
    "project_id": "hangover-1c038",
    "storage_bucket": "hangover-1c038.appspot.com"
  },
  "client": [
    {
      "client_info": {
        "mobilesdk_app_id": "1:335231808806:android:6e73ae335a001925c87de7",
        "android_client_info": {
          "package_name": "com.hangover"
        }
      },
      "oauth_client": [
        {
          "client_id": "335231808806-p1dvvdk8jd574c3c74oqmol39kj6psc7.apps.googleusercontent.com",
          "client_type": 3
        }
      ],
      "api_key": [
        {
          "current_key": "AIzaSyDGbzgakT1wb4xP23if5ZLYFRGI8nG6IkY"
        }
      ],
      "services": {
        "appinvite_service": {
          "other_platform_oauth_client": [
            {
              "client_id": "335231808806-p1dvvdk8jd574c3c74oqmol39kj6psc7.apps.googleusercontent.com",
              "client_type": 3
            }
          ]
        }
      }
    }
  ],
  "configuration_version": "1"
}